{"cameraMode":{"drawMode":0,"name":"Shaded","section":"Shading Mode"},"sceneLighting":true,"audioPlay":false,"sceneViewState":{"showFog":true,"showMaterialUpdate":false,"showSkybox":true,"showFlares":true,"showImageEffects":true,"showParticleSystems":true},"in2DMode":false,"pivot":{"x":4.281524658203125,"y":17.399473190307618,"z":16.598228454589845},"rotation":{"x":-0.23150868713855744,"y":0.07346132397651673,"z":-0.017534859478473665,"w":-0.9698973298072815},"size":31.079439163208009,"orthographic":false}