{"cameraMode":{"drawMode":0,"name":"Shaded","section":"Shading Mode"},"sceneLighting":true,"audioPlay":false,"sceneViewState":{"showFog":true,"showMaterialUpdate":false,"showSkybox":true,"showFlares":true,"showImageEffects":true,"showParticleSystems":true},"in2DMode":false,"pivot":{"x":-10.200000762939454,"y":-0.24000000953674317,"z":150.0},"rotation":{"x":-0.019808009266853334,"y":0.006896075792610645,"z":-0.0001458619226468727,"w":-0.9997979998588562},"size":76.70741271972656,"orthographic":true}