{"cameraMode":{"drawMode":0,"name":"Shaded","section":"Shading Mode"},"sceneLighting":true,"audioPlay":false,"sceneViewState":{"showFog":true,"showMaterialUpdate":false,"showSkybox":true,"showFlares":true,"showImageEffects":true,"showParticleSystems":true},"in2DMode":false,"pivot":{"x":26.48603630065918,"y":0.7961859703063965,"z":-4.057168960571289},"rotation":{"x":-0.14636628329753877,"y":0.03916008770465851,"z":-0.005799065809696913,"w":-0.988440752029419},"size":10.0,"orthographic":false}