{"cameraMode":{"drawMode":0,"name":"Shaded","section":"Shading Mode"},"sceneLighting":true,"audioPlay":false,"sceneViewState":{"showFog":true,"showMaterialUpdate":false,"showSkybox":true,"showFlares":true,"showImageEffects":true,"showParticleSystems":true},"in2DMode":false,"pivot":{"x":5.7950639724731449,"y":-2.0471529960632326,"z":100.0},"rotation":{"x":-0.019808009266853334,"y":0.006896075792610645,"z":-0.0001458619226468727,"w":-0.9997979998588562},"size":4.132071018218994,"orthographic":true}