{"cameraMode":{"drawMode":0,"name":"Shaded","section":"Shading Mode"},"sceneLighting":true,"audioPlay":false,"sceneViewState":{"showFog":true,"showMaterialUpdate":false,"showSkybox":true,"showFlares":true,"showImageEffects":true,"showParticleSystems":true},"in2DMode":false,"pivot":{"x":-19.610389709472658,"y":-8.412816047668457,"z":125.88420867919922},"rotation":{"x":-0.08092114329338074,"y":0.005080465693026781,"z":-0.0004227101453579962,"w":-0.9967232942581177},"size":43.78650665283203,"orthographic":false}